{
    "loss": 109.6878890991211,
    "accuracy": 0.517241358757019
}