{
    "loss": 19.08924674987793,
    "accuracy": 0.6758620738983154
}