{
    "loss": 8.142570495605469,
    "accuracy": 0.5686274766921997
}