{
    "loss": 144.52418518066406,
    "accuracy": 0.5586206912994385
}