{
    "loss": 40.607872009277344,
    "accuracy": 0.6567342281341553
}