{
    "loss": 4.1930999755859375,
    "accuracy": 0.8413792848587036
}