{
    "loss": 18.735280990600586,
    "accuracy": 0.4965517222881317
}