{
    "loss": 57.97282409667969,
    "accuracy": 0.4689655303955078
}