{
    "loss": 40.7653923034668,
    "accuracy": 0.5724138021469116
}